"Student","First name","Assignment","Voice-leading (keyboard)","Voice-leading (pop/rock)","Functional bass","Harmonic syntax","Formal functions",Cadences,"Phrase and theme ID","Hermeneutics","Pop/rock form ID","Pop/rock harmony","Writing","Software"
Mozart,,Figured Bass Assignment 1,3,,,,,,,,,,,
Beethoven,,Figured Bass Assignment 1,4,,,,,,,,,,,
Haydn,,Figured Bass Assignment 1,4,,,,,,,,,,,
Brahms,,Figured Bass Assignment 1,2,,,,,,,,,,,
Mozart,,Figured Bass Assignment 1 (redo),3,,,,,,,,,,,
Beethoven,,Figured Bass Assignment 1 (redo),2,,,,,,,,,,,
Haydn,,Figured Bass Assignment 1 (redo),2,,,,,,,,,,,
Brahms,,Figured Bass Assignment 1 (redo),3,,,,,,,,,,,
Mozart,,Figured Bass Assignment 2 (1/19),2,,,3,,2,,,,,,
Beethoven,,Figured Bass Assignment 2 (1/19),3,,,4,,4,,,,,,
Haydn,,Figured Bass Assignment 2 (1/19),3,,,4,,4,,,,,,
Brahms,,Figured Bass Assignment 2 (1/19),3,,,3,,2,,,,,,
Mozart,,Figured Bass Assignment 2 (redo),3,,,4,,4,,,,,,
Beethoven,,Figured Bass Assignment 2 (redo),2,,,4,,2,,,,,,
Haydn,,Figured Bass Assignment 2 (redo),2,,,3,,2,,,,,,
Brahms,,Figured Bass Assignment 2 (redo),2,,,3,,2,,,,,,
Mozart,,Functional Bass Quiz (1/31),,,4,,,,,,,,,
Beethoven,,Functional Bass Quiz (1/31),,,4,,,,,,,,,
Haydn,,Functional Bass Quiz (1/31),,,3,,,,,,,,,
Brahms,,Functional Bass Quiz (1/31),,,3,,,,,,,,,
Mozart,,Final Exam,4,,2,3,,4,2,,,,,1
Haydn,,Final Exam,4,,4,2,,2,4,,,,,4
Beethoven,,Final Exam,0,,0,0,,0,0,,,,,0
